left	right	node	children	time	population
0.000000	0.398041	7	0,2	0.000000	0	
0.894875	1.000000	6	0,2	0.000000	0	
0.000000	0.478687	5	1,3	0.000000	0	
0.481614	1.000000	4	1,3	0.000000	0	
