left	right	node	children	time	population
0.000000	0.398041	8	1,3	0.000000	0	
0.398041	0.894875	8	0,3	0.000000	0	
0.894875	1.000000	7	1,3	0.000000	0	
0.398041	0.894875	7	0,1	0.000000	0	
0.000000	0.478687	6	2,4	0.000000	0	
0.478687	0.481614	6	0,4	0.000000	0	
0.481614	1.000000	5	2,4	0.000000	0	
0.478687	0.481614	5	0,2	0.000000	0	
