left	right	node	children	time	population
0.150133	0.211161	9	2,4	0.000000	0	
0.211161	1.000000	9	0,2,4	0.000000	0	
0.000000	0.019770	8	0,2,4	0.000000	0	
0.019770	0.150133	8	0,2	0.000000	0	
0.000000	0.599859	7	1,3,5	0.000000	0	
0.599859	0.632942	7	1,5	0.000000	0	
0.632942	0.633909	6	3,5	0.000000	0	
0.633909	1.000000	6	1,3,5	0.000000	0	
